{
  "D1": {
    "name": "Chinatown",
    "avg_fpr95": 95.54794520547945,
    "avg_auroc": 0.3663676905580125,
    "avg_auprc": 0.851774570620207,
    "per_ood": {
      "D2": {
        "fpr95": 100.0,
        "auroc": 0.42675028198889076,
        "auprc": 0.9671067319834091
      },
      "D3": {
        "fpr95": 100.0,
        "auroc": 0.46769406392694063,
        "auprc": 0.9083557095286963
      },
      "D4": {
        "fpr95": 46.57534246575342,
        "auroc": 0.7297226259315378,
        "auprc": 0.9890293482961147
      },
      "D5": {
        "fpr95": 100.0,
        "auroc": 0.25924657534246576,
        "auprc": 0.7326007326007326
      },
      "D6": {
        "fpr95": 100.0,
        "auroc": 0.40277777777777785,
        "auprc": 0.8361323807624701
      },
      "D7": {
        "fpr95": 100.0,
        "auroc": 0.3262089453705232,
        "auprc": 0.6945606694560669
      },
      "D8": {
        "fpr95": 100.0,
        "auroc": 0.026929294648174944,
        "auprc": 0.8151898734177214
      },
      "D9": {
        "fpr95": 100.0,
        "auroc": 0.36240454045701725,
        "auprc": 0.8632958801498127
      },
      "D10": {
        "fpr95": 100.0,
        "auroc": 0.4422763511430208,
        "auprc": 0.8253488005173224
      },
      "D11": {
        "fpr95": 100.0,
        "auroc": 0.21354645609497086,
        "auprc": 0.9921581265442045
      },
      "D12": {
        "fpr95": 100.0,
        "auroc": 0.39732742412033306,
        "auprc": 0.7482282783868481
      },
      "D13": {
        "fpr95": 100.0,
        "auroc": 0.3415279498944971,
        "auprc": 0.8492883157990849
      }
    }
  },
  "D4": {
    "name": "PhalangesOutlinesCorrect",
    "avg_fpr95": 99.70238095238096,
    "avg_auroc": 0.022953846706244087,
    "avg_auprc": 0.4589107965294905,
    "per_ood": {
      "D1": {
        "fpr95": 99.81203007518798,
        "auroc": 0.00888067275627086,
        "auprc": 0.40604026845637586
      },
      "D2": {
        "fpr95": 100.0,
        "auroc": 0.015262457022930193,
        "auprc": 0.7840032480714576
      },
      "D3": {
        "fpr95": 100.0,
        "auroc": 0.04438283208020051,
        "auprc": 0.5300353356890459
      },
      "D5": {
        "fpr95": 100.0,
        "auroc": 0.013637218045112795,
        "auprc": 0.273224043715847
      },
      "D6": {
        "fpr95": 100.0,
        "auroc": 0.0064484126984127015,
        "auprc": 0.4035874439461884
      },
      "D7": {
        "fpr95": 99.81203007518798,
        "auroc": 0.024436090225563926,
        "auprc": 0.23782234957020057
      },
      "D8": {
        "fpr95": 98.1203007518797,
        "auroc": 0.019211460327838256,
        "auprc": 0.38151658767772506
      },
      "D9": {
        "fpr95": 100.0,
        "auroc": 0.00684601960432535,
        "auprc": 0.4642497482376636
      },
      "D10": {
        "fpr95": 100.0,
        "auroc": 0.033937335299663966,
        "auprc": 0.36892052194543296
      },
      "D11": {
        "fpr95": 98.68421052631578,
        "auroc": 0.025808824247713275,
        "auprc": 0.9457121022512684
      },
      "D12": {
        "fpr95": 100.0,
        "auroc": 0.030296329057938973,
        "auprc": 0.2771739130434783
      },
      "D13": {
        "fpr95": 100.0,
        "auroc": 0.04629850910895822,
        "auprc": 0.4346439957492029
      }
    }
  },
  "D5": {
    "name": "ECG200",
    "avg_fpr95": 97.91666666666667,
    "avg_auroc": 0.2940986484539692,
    "avg_auprc": 0.9170898019003145,
    "per_ood": {
      "D1": {
        "fpr95": 75.0,
        "auroc": 0.6858815426997246,
        "auprc": 0.9473914771285992
      },
      "D2": {
        "fpr95": 100.0,
        "auroc": 0.2628948731227343,
        "auprc": 0.9797057331303904
      },
      "D3": {
        "fpr95": 100.0,
        "auroc": 0.26245833333333335,
        "auprc": 0.9375978535353535
      },
      "D4": {
        "fpr95": 100.0,
        "auroc": 0.006217080511662905,
        "auprc": 0.9851742031134171
      },
      "D6": {
        "fpr95": 100.0,
        "auroc": 0.32458333333333333,
        "auprc": 0.9000000000000001
      },
      "D7": {
        "fpr95": 100.0,
        "auroc": 0.3289156626506024,
        "auprc": 0.8058252427184467
      },
      "D8": {
        "fpr95": 100.0,
        "auroc": 0.00023291925465838493,
        "auprc": 0.8895027624309392
      },
      "D9": {
        "fpr95": 100.0,
        "auroc": 0.29631236442516273,
        "auprc": 0.9205597481825936
      },
      "D10": {
        "fpr95": 100.0,
        "auroc": 0.31245980707395493,
        "auprc": 0.8865152823521413
      },
      "D11": {
        "fpr95": 100.0,
        "auroc": 0.3637857297531399,
        "auprc": 0.9956877964639934
      },
      "D12": {
        "fpr95": 100.0,
        "auroc": 0.2708333333333333,
        "auprc": 0.8360655737704917
      },
      "D13": {
        "fpr95": 100.0,
        "auroc": 0.4146088019559902,
        "auprc": 0.9210519499774088
      }
    }
  },
  "D8": {
    "name": "DiatomSizeReduction",
    "avg_fpr95": 76.79487179487181,
    "avg_auroc": 0.6780835420648335,
    "avg_auprc": 0.9616204197841433,
    "per_ood": {
      "D1": {
        "fpr95": 100.0,
        "auroc": 0.3111252383979657,
        "auprc": 0.850132261772024
      },
      "D2": {
        "fpr95": 100.0,
        "auroc": 0.38094251683065766,
        "auprc": 0.9721659305280492
      },
      "D3": {
        "fpr95": 100.0,
        "auroc": 0.3694102564102564,
        "auprc": 0.9123127054853873
      },
      "D4": {
        "fpr95": 100.0,
        "auroc": 0.23102390461306938,
        "auprc": 0.9761292691883952
      },
      "D5": {
        "fpr95": 100.0,
        "auroc": 0.7643076923076922,
        "auprc": 0.9260531062424994
      },
      "D6": {
        "fpr95": 53.84615384615385,
        "auroc": 0.9354273504273504,
        "auprc": 0.9890917698940408
      },
      "D7": {
        "fpr95": 52.307692307692314,
        "auroc": 0.9359592215013902,
        "auprc": 0.9796592200226171
      },
      "D9": {
        "fpr95": 26.153846153846157,
        "auroc": 0.9551810445519773,
        "auprc": 0.9939519687400171
      },
      "D10": {
        "fpr95": 100.0,
        "auroc": 0.8338362602028196,
        "auprc": 0.9672986741078738
      },
      "D11": {
        "fpr95": 100.0,
        "auroc": 0.5460838857980478,
        "auprc": 0.9965752730088517
      },
      "D12": {
        "fpr95": 24.615384615384617,
        "auroc": 0.9607843137254902,
        "auprc": 0.9893216232757753
      },
      "D13": {
        "fpr95": 64.61538461538461,
        "auroc": 0.9129208200112847,
        "auprc": 0.9867532351441901
      }
    }
  },
  "D12": {
    "name": "NerveDamage",
    "avg_fpr95": 77.03252032520325,
    "avg_auroc": 0.5355366456464989,
    "avg_auprc": 0.9396021307994303,
    "per_ood": {
      "D1": {
        "fpr95": 78.04878048780488,
        "auroc": 0.5465967882819325,
        "auprc": 0.9273790025514133
      },
      "D2": {
        "fpr95": 31.70731707317073,
        "auroc": 0.8716449204885626,
        "auprc": 0.9957933443822693
      },
      "D3": {
        "fpr95": 78.04878048780488,
        "auroc": 0.598739837398374,
        "auprc": 0.9612881210689697
      },
      "D4": {
        "fpr95": 31.70731707317073,
        "auroc": 0.8242030501569124,
        "auprc": 0.9967496841424139
      },
      "D5": {
        "fpr95": 78.04878048780488,
        "auroc": 0.5392682926829268,
        "auprc": 0.8829812967630584
      },
      "D6": {
        "fpr95": 78.04878048780488,
        "auroc": 0.7205962059620596,
        "auprc": 0.9620679340390288
      },
      "D7": {
        "fpr95": 100.0,
        "auroc": 0.39700264472524244,
        "auprc": 0.8543785616871857
      },
      "D8": {
        "fpr95": 78.04878048780488,
        "auroc": 0.21746705044690195,
        "auprc": 0.9086289936092307
      },
      "D9": {
        "fpr95": 100.0,
        "auroc": 0.5740966086450452,
        "auprc": 0.9524520825349914
      },