{
  "acc": 0.9863013698630136,
  "err": 0.013698630136986356,
  "fpr95": 1.0,
  "auroc": 0.3335111372233732,
  "auprc": 0.3409658761688321
}